{
  "name": "SPA One Click",
  "image": "mcr.microsoft.com/devcontainers/typescript-node:1-22-bookworm",
  "forwardPorts": [
    5173
  ],
  "postCreateCommand": "npm ci || npm i",
  "postStartCommand": "npm run dev -- --host 0.0.0.0 --port 5173",
  "customizations": {
    "vscode": {
      "settings": {
        "terminal.integrated.defaultProfile.linux": "bash"
      },
      "extensions": [
        "esbenp.prettier-vscode",
        "dbaeumer.vscode-eslint",
        "bradlc.vscode-tailwindcss"
      ]
    }
  }
}